price,bedrooms,bathrooms,sqft_living,sqft_lot,floors,waterfront,sqft_above,sqft_basement,lat,long
221900,3,1,1180,5650,1,0,1180,0,47.5112,-122.257
538000,3,2.25,2570,7242,2,0,2170,400,47.721,-122.319
180000,2,1,770,10000,1,0,770,0,47.7379,-122.233
604000,4,3,1960,5000,1,0,1050,910,47.5208,-122.393
510000,3,2,1680,8080,1,0,1680,0,47.6168,-122.045
257500,3,2.25,1715,6819,2,0,1715,0,47.3097,-122.327
291850,3,1.5,1060,9711,1,0,1060,0,47.4095,-122.315
229500,3,1,1780,7470,1,0,1050,730,47.5123,-122.337
323000,3,2.5,1890,6560,2,0,1890,0,47.3684,-122.031
662500,3,2.5,3560,9796,1,0,1860,1700,47.6007,-122.145
468000,2,1,1160,6000,1,0,860,300,47.69,-122.292
310000,3,1,1430,19901,1.5,0,1430,0,47.7558,-122.229
400000,3,1.75,1370,9680,1,0,1370,0,47.6127,-122.045
530000,5,2,1810,4850,1.5,0,1810,0,47.67,-122.394
650000,4,3,2950,5000,2,0,1980,970,47.5714,-122.375
395000,3,2,1890,14040,2,0,1890,0,47.7277,-121.962
485000,4,1,1600,4300,1.5,0,1600,0,47.6648,-122.343
189000,2,1,1200,9850,1,0,1200,0,47.3089,-122.21
230000,3,1,1250,9774,1,0,1250,0,47.3343,-122.306
385000,4,1.75,1620,4980,1,0,860,760,47.7025,-122.341
285000,5,2.5,2270,6300,2,0,2270,0,47.3266,-122.169
252700,2,1.5,1070,9643,1,0,1070,0,47.3533,-122.166
329000,3,2.25,2450,6500,2,0,2450,0,47.3739,-122.172
233000,3,2,1710,4697,1.5,0,1710,0,47.3048,-122.218
937000,3,1.75,2450,2691,2,0,1750,700,47.6386,-122.36
667000,3,1,1400,1581,1.5,0,1400,0,47.6221,-122.314
438000,3,1.75,1520,6380,1,0,790,730,47.695,-122.304
719000,4,2.5,2570,7173,2,0,2570,0,47.7073,-122.11
580500,3,2.5,2320,3980,2,0,2320,0,47.5391,-122.07
280000,2,1.5,1190,1265,3,0,1190,0,47.7274,-122.357
687500,4,1.75,2330,5000,1.5,0,1510,820,47.6823,-122.368
535000,3,1,1090,3000,1.5,0,1090,0,47.6889,-122.375
322500,4,2.75,2060,6659,1,0,1280,780,47.4276,-122.157
696000,3,2.5,2300,3060,1.5,0,1510,790,47.6827,-122.31
550000,4,1,1660,34848,1,0,930,730,47.6621,-122.132
640000,4,2,2360,6000,2,0,2360,0,47.6702,-122.362
240000,4,1,1220,8075,1,0,890,330,47.3341,-122.282
605000,4,2.5,2620,7553,2,0,2620,0,47.5301,-122.18
625000,4,2.5,2570,5520,2,0,2570,0,47.6145,-122.027
775000,4,2.25,4220,24186,1,0,2600,1620,47.445,-122.347
861990,5,2.75,3595,5639,2,0,3595,0,47.6848,-122.016
685000,3,1,1570,2280,2,0,1570,0,47.6413,-122.364
309000,3,1,1280,9656,1,0,920,360,47.4485,-122.175
488000,3,2.5,3160,13603,2,0,3160,0,47.7443,-121.977
210490,3,1,990,8528,1,0,990,0,47.3066,-122.371
785000,4,2.5,2290,13416,2,0,2290,0,47.6194,-122.151
450000,3,1.75,1250,5963,1,0,1250,0,47.6796,-122.301
228000,3,1,1190,9199,1,0,1190,0,47.4258,-122.322
345000,5,2.5,3150,9134,1,0,1640,1510,47.4934,-122.189
600000,3,1.75,1410,4080,1,0,1000,410,47.6808,-122.384
585000,2,1.75,1980,8550,1,0,990,990,47.6989,-122.369
920000,5,2.25,2730,6000,1.5,0,2130,600,47.6571,-122.281
885000,4,2.5,2830,5000,2,0,2830,0,47.6597,-122.29
292500,4,2.5,2250,4495,2,0,2250,0,47.3663,-122.114
301000,3,2.5,2420,4750,2,0,2420,0,47.3663,-122.122
951000,5,3.25,3250,14342,2,0,3250,0,47.588,-122.116
430000,4,3,1850,9976,2,0,1850,0,47.5059,-122.149
650000,3,2.25,2150,21235,1,0,1590,560,47.4336,-122.339
289000,3,1.75,1260,8400,1,0,1260,0,47.4366,-122.335
505000,3,1.75,2519,8690,2,0,2519,0,47.4428,-122.344
549000,3,1.75,1540,1044,3,0,1540,0,47.6765,-122.32
425000,3,2.25,1660,6000,1,0,1110,550,47.6113,-122.297
317625,3,2.75,2770,3809,1.5,0,1770,1000,47.5747,-122.304
975000,4,2.5,2720,11049,2,0,2720,0,47.5815,-122.192
287000,4,2.5,2240,4648,2,0,2240,0,47.3378,-122.257
204000,3,1,1000,12070,1,0,1000,0,47.3621,-122.11
325000,3,2,1260,5612,1,0,1260,0,47.7362,-122.179
571000,4,2,2750,7807,1.5,0,2250,500,47.7168,-122.287
360000,4,2.5,2380,5000,2,0,2380,0,47.3608,-122.036
349000,3,1.75,1790,50529,1,0,1090,700,47.3511,-122.073
832500,4,4,3430,35102,2,0,2390,1040,47.5822,-121.987
380000,4,1.75,1760,7300,1,0,880,880,47.6034,-122.125
480000,3,1,1040,5060,1,0,1040,0,47.5636,-122.394
410000,3,1,1410,5060,1,0,910,500,47.7073,-122.34
720000,4,2.5,3450,39683,2,0,3450,0,47.342,-122.025
390000,3,2.5,2350,5100,2,0,2350,0,47.3512,-122.008
360000,4,2.5,1900,5889,2,0,1900,0,47.349,-122.031
355000,2,1,2020,6720,1,0,1010,1010,47.5474,-122.291
356000,3,1.5,1680,8712,1,0,1680,0,47.4811,-122.149
315000,3,1,960,6634,1,0,960,0,47.7264,-122.31
940000,3,1.5,2140,3600,2,0,1900,240,47.6337,-122.365
305000,5,2.25,2660,8400,1.5,0,2660,0,47.2909,-122.189
461000,3,3.25,2770,6278,2,0,1980,790,47.5228,-122.199
215000,2,2.25,1610,2040,2,0,1610,0,47.518,-122.194
335000,2,1.75,1030,1066,2,0,765,265,47.5394,-122.387
243500,4,2.5,1980,7403,2,0,1980,0,47.2897,-122.372
153000,3,1,1200,10500,1,0,1200,0,47.322,-122.351
430000,3,1.5,1580,5000,1,0,1290,290,47.687,-122.386
700000,3,1.5,1580,5000,1,0,1290,290,47.687,-122.386
905000,4,2.5,3300,10250,1,0,2390,910,47.5873,-122.249
247500,3,1.75,1960,15681,1,0,1960,0,47.3576,-122.277
199000,4,1.5,1160,6400,1,0,1160,0,47.3036,-122.378
314000,3,1.75,1810,41800,1,0,1210,600,47.4109,-121.958
437500,3,2.5,2320,36847,2,0,2320,0,47.4838,-121.714
850830,3,2.5,2070,13241,1.5,0,1270,800,47.6415,-122.315
555000,3,2,1980,3478,1.5,0,1440,540,47.6775,-122.372
699950,3,2.25,2190,107593,2,0,2190,0,47.7731,-122.08
290000,3,1,1210,33919,1,0,1210,0,47.4375,-122.184
375000,3,2.5,2340,10005,1,0,1460,880,47.4431,-122.133
460000,3,1,1670,4005,1.5,0,1170,500,47.6878,-122.38
188500,2,1.75,1240,2493,1,0,1240,0,47.3813,-122.322
680000,4,2.5,3140,28037,2,0,3140,0,47.7304,-122.082
470000,5,1.75,2030,12342,2,0,2030,0,47.6417,-122.109
597750,4,2.5,2310,9624,2,0,2310,0,47.5386,-122.053
570000,3,1.75,1260,3328,1,0,700,560,47.6823,-122.349
272500,3,1.75,1540,12600,1,0,1160,380,47.3624,-122.031
329950,3,1.75,2080,5969,1,0,1080,1000,47.5474,-122.295
480000,4,2.5,3230,16171,2,0,2520,710,47.3183,-122.253
740500,3,3.5,4380,6350,2,0,2780,1600,47.6981,-122.368
518500,3,3.5,1590,1102,3,0,1590,0,47.6824,-122.347
205425,2,1,880,6780,1,0,880,0,47.5009,-122.248
171800,4,2,1570,9600,1,0,1570,0,47.4965,-122.303
535000,4,1,1610,2982,1.5,0,1610,0,47.587,-122.294
660000,3,2.5,2400,6474,1,0,1560,840,47.7728,-122.386
391500,3,2,1450,9132,1,0,1450,0,47.7288,-122.226
395000,2,1,770,6000,1,0,770,0,47.6999,-122.364
445000,4,1.75,2100,4400,1.5,0,1720,380,47.5299,-122.266
770000,3,2.25,2910,10204,2,0,2910,0,47.6897,-122.098
445000,3,2.25,2100,8201,1,0,1620,480,47.5091,-122.244
260000,4,2.25,2160,8811,1,0,1360,800,47.3129,-122.39
822500,5,3.5,2320,4960,2,0,1720,600,47.6763,-122.352
430000,4,2.5,2070,4310,2,0,2070,0,47.5319,-121.85
212000,3,1.75,1060,7875,1,0,1060,0,47.2761,-122.152
660500,4,2.25,2010,9603,1,0,1440,570,47.5343,-122.054
784000,3,3.5,3950,111078,1.5,0,2460,1490,47.697,-122.072
453246,3,2.5,2010,2287,2,0,1390,620,47.5517,-121.998
675000,4,3.5,2140,2278,3,0,2140,0,47.6734,-122.38
199000,3,1.75,1320,17390,1,0,1320,0,47.3257,-122.296
220000,4,1.75,2020,7840,1,0,1010,1010,47.3309,-122.299
452000,4,2.25,2590,10002,1,0,1340,1250,47.7689,-122.266
382500,2,1,1190,4440,1,0,1190,0,47.7135,-122.287
519950,3,2.25,1170,1249,3,0,1170,0,47.6722,-122.381
665000,2,1,1110,3200,1,0,1110,0,47.6338,-122.358
527700,5,2.5,2820,9375,1,0,1550,1270,47.5707,-122.128
205000,3,1,1610,8579,1,0,1010,600,47.4563,-122.171
420000,3,1,1060,8097,1,0,940,120,47.7144,-122.351
500000,4,2.25,2030,8517,1,0,1380,650,47.5495,-122.174
921500,4,2.5,3670,315374,2,0,3670,0,47.7421,-122.026
890000,4,1,2550,4000,2,0,2370,180,47.6354,-122.353
430000,2,2.5,2420,60984,2,0,2420,0,47.5262,-121.943
258000,5,2,2260,12500,1,0,1130,1130,47.3887,-122.286
511000,3,1,1430,3455,1,0,980,450,47.6873,-122.336
532170,3,2,1360,3090,2,0,1360,0,47.6838,-122.353
560000,3,1,1110,5000,1.5,0,1110,0,47.655,-122.359
282950,3,1,1250,8200,1,0,1250,0,47.3255,-122.304
350000,1,1,700,5100,1,0,700,0,47.679,-122.3
215000,3,1,1180,7669,1,0,1180,0,47.4479,-122.176
650000,5,3.5,3960,25245,2,0,2500,1460,47.525,-122.172
320000,4,2.75,2640,7500,1,0,1620,1020,47.3135,-122.369
247000,3,2,1270,7198,1.5,0,1270,0,47.2086,-121.996
320000,4,1.75,1760,11180,1,0,1760,0,47.4715,-122.118
255000,5,2.25,2060,8632,1,0,1030,1030,47.4877,-122.335
438000,3,1.75,1780,9660,1,0,1780,0,47.7171,-122.193
900000,3,2.5,3400,16603,2,0,3400,0,47.6012,-122.023
441000,3,2.75,1910,7280,1,0,1160,750,47.7319,-122.224
420000,3,2,2020,38332,1,0,1010,1010,47.4582,-122.023
370000,3,1.75,1580,7000,1,0,1180,400,47.7209,-122.168
269950,2,1.75,1340,7250,1,0,700,640,47.408,-122.327
807100,4,2.5,2680,4499,2,0,2680,0,47.565,-122.125
653000,3,2.5,2680,9750,1,0,1610,1070,47.7028,-122.231
371500,3,2,1370,8336,1,0,1370,0,47.7458,-122.331
284000,3,1.75,1560,21000,1,0,1560,0,47.4776,-122.337
272000,3,1.75,2160,7140,1,0,1670,490,47.3026,-122.374
313000,3,1.5,1340,7912,1.5,0,1340,0,47.7658,-122.339
917500,4,2.5,3880,35003,2,0,2570,1310,47.6477,-122.182
673000,4,2.25,2590,8190,2,0,2590,0,47.5619,-122.125
425000,3,2.5,1120,1100,2,0,820,300,47.6106,-122.31
399950,5,2.75,1970,5400,1,0,1320,650,47.5868,-122.308
385000,3,1,1220,4800,1,0,1220,0,47.6101,-122.307
269950,3,1.5,1950,7560,1,0,1320,630,47.1976,-121.999
330000,2,1,1350,8220,1,0,1060,290,47.7224,-122.358
260000,3,2.5,1670,5797,2,0,1670,0,47.3505,-122.179
470000,4,3,2380,5125,1.5,0,1680,700,47.5384,-122.376
589000,4,3,2440,9600,2,0,2440,0,47.7044,-122.2
163500,2,1.5,1050,3419,2,0,1050,0,47.3848,-122.039
835000,4,2.75,3130,13412,2,0,2140,990,47.6993,-122.102
269000,4,1.75,1490,10000,1,0,1100,390,47.3099,-122.379
560000,3,2.5,1900,8744,2,0,1900,0,47.62,-122.043
615000,4,1,1330,2400,1.5,0,1330,0,47.65,-122.34
585188,3,2.25,2230,10026,1,0,1430,800,47.6647,-122.153
305000,3,1.75,1650,9480,1,0,1220,430,47.726,-122.191
166950,3,1,1190,8820,1,0,1190,0,47.4616,-122.184
799000,3,2.5,2140,9897,1,0,2140,0,47.5505,-122.219
400000,3,2.5,2180,7508,1,0,1420,760,47.7606,-122.336
230000,3,1,1060,10228,1,0,1060,0,47.7481,-122.3
256883,3,2.5,1690,5025,2,0,1690,0,47.2779,-122.347
423000,4,2,1970,6480,1.5,0,1130,840,47.5511,-122.312
465000,3,2.5,2150,4084,2,0,2150,0,47.5488,-122.372
440000,3,2.5,1910,66211,2,0,1910,0,47.5385,-121.911
385000,3,1.75,1350,155073,1,0,1350,0,47.4058,-121.994
210000,3,1,860,11725,1,0,860,0,47.5093,-122.184
297000,3,2.5,1940,14952,2,0,1940,0,47.3777,-122.165
470000,3,1,1010,5000,1,0,1010,0,47.675,-122.394
226500,3,1.5,1300,7370,1,0,900,400,47.3025,-122.37
274250,3,1,910,8450,1,0,910,0,47.4787,-122.158
840000,4,1.75,2480,11010,1,0,1630,850,47.5378,-122.219
677900,3,2.5,2440,4587,2,0,2440,0,47.7073,-122.114
425000,3,1,1010,5864,1,0,1010,0,47.5733,-122.381
180250,2,0.75,900,9600,1,0,900,0,47.4604,-122.339
464000,6,3,2300,3404,2,0,1600,700,47.7067,-122.343
320000,4,2.25,1550,7579,2,0,1550,0,47.354,-122.047
625504,3,2.25,1270,1566,2,0,1060,210,47.6647,-122.284
592500,4,2.5,2240,12032,1,0,2240,0,47.6143,-122.017
465000,3,2.5,2714,17936,2,0,2714,0,47.3185,-122.275
477000,4,2.75,1720,6270,2,0,1720,0,47.5458,-122.268
280000,2,1,850,16400,1,0,850,0,47.4889,-122.299
445838,3,2.5,2250,5692,2,0,2250,0,47.5133,-122.379
467000,2,1.5,1320,10800,1,0,1320,0,47.7145,-122.367
686000,4,2.5,2760,6440,2,0,2760,0,47.5836,-122.026
279950,3,2,1750,9750,1,0,1350,400,47.398,-122.299
527000,4,2.25,2330,19436,2,0,2330,0,47.7663,-122.215
325000,3,2.25,2220,16020,1,0,1780,440,47.3758,-122.217
328000,3,2.25,2020,8379,2,0,2020,0,47.3828,-122.023
390000,3,2.25,1250,7500,1,0,1250,0,47.5123,-122.373
479950,2,2,1510,6516,1,0,1510,0,47.7076,-122.013
264950,4,2.25,1720,9753,1,0,1120,600,47.2922,-122.371
235000,3,1,1430,15246,1,0,980,450,47.4075,-122.214
516500,3,2.5,1480,4729,2,0,1480,0,47.6794,-122.034
655000,2,1.75,1450,15798,2,1,1230,220,47.4497,-122.375
500000,4,2.75,2280,15347,1,0,2280,0,47.5218,-122.164
315000,6,2.75,2940,7350,1,0,1780,1160,47.3103,-122.339
213000,2,1,1000,10200,1,0,1000,0,47.5687,-121.899
475000,3,1.5,2480,5280,1.5,0,1620,860,47.5575,-122.303
416000,3,2,2220,94300,1,0,1640,580,47.3459,-121.95
410000,4,1,1970,4740,1.5,0,1670,300,47.6136,-122.303
800000,3,3.5,3830,221284,2,0,3530,300,47.7641,-122.023
472000,6,2.5,4410,14034,1,0,2350,2060,47.3376,-122.324
225000,3,1.75,1430,8505,1,0,1430,0,47.3173,-122.319
210000,2,1,830,6000,1,0,830,0,47.5308,-122.376
455000,2,1,1430,5000,1.5,0,1430,0,47.6727,-122.299
225000,3,1,1300,8316,1,0,1300,0,47.3221,-122.216
480000,2,1,1030,3060,1,0,790,240,47.6779,-122.353
363000,3,2.5,2740,11872,2,0,2740,0,47.3076,-122.395
181000,2,1.5,720,5120,1,0,720,0,47.5218,-122.357
250000,4,2,2010,7312,1,0,2010,0,47.2785,-122.213
481000,3,1.75,1560,3000,1,0,770,790,47.6846,-122.345
260000,3,2,1810,7209,1,0,1240,570,47.3656,-122.278
455000,4,2.5,3360,7685,2,0,3360,0,47.4369,-122.111
415000,3,2.25,1510,36224,2,0,1510,0,47.4616,-121.711
349500,3,1,1400,3538,1,0,800,600,47.5405,-122.27
245000,3,2.5,1730,7442,2,0,1730,0,47.3507,-122.178
592500,2,2,1420,9191,1.5,0,1420,0,47.6979,-122.32
385000,4,1.75,2360,7620,1,0,1180,1180,47.5278,-122.345
315000,3,1.75,1580,11455,1,0,1200,380,47.4756,-122.147
255000,3,1,1230,10170,1,0,1230,0,47.4437,-121.772
693000,4,2.5,2460,4425,2,0,2460,0,47.7048,-122.109
780000,3,1,1660,4400,1.5,0,1460,200,47.6362,-122.302
237000,3,1.75,1270,8470,1,0,1270,0,47.4207,-122.29
525000,3,2.25,2100,40510,2,0,1320,780,47.6154,-122.047
425000,2,1,770,5040,1,0,770,0,47.5964,-122.299
369900,1,0.75,760,10079,1,1,760,0,47.4683,-122.438
290000,4,2.5,1700,7280,2,0,1700,0,47.4045,-122.171
285000,3,1,1120,10701,1,0,1120,0,47.5544,-122.358
415000,2,1,1070,4500,1,0,1070,0,47.6802,-122.29
272500,3,2.5,2070,9900,1,0,1420,650,47.2988,-122.371
436000,2,1,1040,7538,1,0,1040,0,47.7107,-122.352
210000,3,1,1700,11390,1,0,1700,0,47.3271,-122.323
236000,3,1,1300,5898,1,0,1300,0,47.5053,-122.255
331000,3,1.75,1080,1306,1,0,580,500,47.6601,-122.4
365000,3,2.5,2653,4510,2,0,2653,0,47.4145,-122.166
450000,3,2,2290,16258,1,0,2290,0,47.4672,-122.165
770000,4,2.75,3820,26300,2,0,2850,970,47.7618,-122.261
455000,4,2.5,2210,49375,1,0,2210,0,47.3828,-122.071
405000,3,1.75,2390,6000,1,0,1240,1150,47.5362,-122.268
304900,4,1.75,2600,11325,1,0,1610,990,47.3954,-122.206
170000,2,1,860,5265,1,0,860,0,47.5048,-122.272
780000,4,2.5,3500,7048,2,0,3500,0,47.6811,-122.025
330000,3,3,2420,13959,1,0,1740,680,47.7486,-122.23
370000,4,2.5,2720,8666,2,0,2720,0,47.3846,-122.169
467000,5,2.25,2500,13500,1,0,1850,650,47.7564,-122.144
405000,3,1.75,1670,6720,1,0,1140,530,47.7198,-122.193
675000,5,2.25,2900,10300,1,0,1450,1450,47.5461,-122.151
500000,2,1,1640,14100,1,0,1140,500,47.5712,-122.143
389999,4,2.5,1890,15770,2,0,1890,0,47.4281,-122.343
630000,4,1.75,2950,9025,1,0,1780,1170,47.7128,-122.223
360000,4,2.5,2160,9528,2,0,2160,0,47.3341,-122.255
580000,4,3,3280,11060,2,0,2270,1010,47.5399,-122.181
550000,3,2,1970,4166,2,0,1270,700,47.5717,-122.375
879000,4,2.5,3360,22111,2,0,3360,0,47.5951,-122.017
265000,3,2,1320,8959,1,0,1320,0,47.3536,-122.144
446500,3,2.5,2650,7286,2,0,2650,0,47.5084,-122.154
404000,3,1.5,2030,8880,1,0,1330,700,47.5586,-122.311
267500,3,1.75,1590,11914,1,0,1090,500,47.4427,-122.274
335000,3,2.5,2440,7632,2,0,2440,0,47.3494,-122.301
576000,3,2.5,1940,9000,1,0,970,970,47.6933,-122.393
208633,3,2.5,2040,3810,2,0,2040,0,47.3537,-122
315000,3,2.25,2200,8750,1,0,1120,1080,47.476,-122.337
725000,3,1.75,1920,3300,1,0,960,960,47.6239,-122.298
550000,4,2.75,1800,7750,1,0,1400,400,47.7776,-122.384
610750,4,2.25,2180,7297,2,0,2180,0,47.6459,-122.058
550700,2,1,1010,5000,1.5,0,1010,0,47.6692,-122.297
665000,4,2.75,3320,10574,2,0,2220,1100,47.5376,-122.18
834000,4,2.5,2370,4000,1.5,0,1980,390,47.601,-122.294
201000,5,1.75,1660,78408,1.5,0,1660,0,47.529,-121.837
305000,4,2.25,1950,7700,1,0,1350,600,47.4441,-122.125
487000,3,2,2590,14052,1,0,1720,870,47.7357,-122.333
390000,3,2.5,1930,64904,1,0,1930,0,47.346,-122.157
548000,2,1,1470,3864,1,0,1170,300,47.6638,-122.345
268750,4,1,800,8775,1,0,800,0,47.48,-122.336
819900,5,2.75,3150,7119,2,0,3150,0,47.6759,-122.151
520000,3,2.25,2030,16200,2,0,2030,0,47.5162,-122.057
230000,3,2,1450,11204,1,0,1450,0,47.2639,-122.252
240000,3,1.75,1510,10248,1,0,1510,0,47.2929,-122.371
232000,2,1,1240,12092,1,0,960,280,47.4957,-122.352
240500,2,1,1240,12092,1,0,960,280,47.4957,-122.352
274975,3,2.5,3030,45004,2,0,3030,0,47.7721,-122.093
740000,4,2,2050,4400,1.5,0,2050,0,47.644,-122.319
186375,3,1,1000,7636,1,0,1000,0,47.472,-122.344
790000,3,2.25,2370,10289,1,0,1590,780,47.592,-122.166
880000,4,3.5,2800,6750,2,0,1890,910,47.669,-122.275
279000,6,1.75,2240,11180,2,0,2240,0,47.42,-122.323
295000,3,2,1810,10530,1,0,1810,0,47.1913,-122.012
640000,2,1,1070,5000,1,0,1070,0,47.6666,-122.331
940000,4,2,2490,9525,2,0,2490,0,47.5639,-122.217
260000,4,2.5,1960,5238,2,0,1960,0,47.3483,-122.052
559900,3,2.75,2930,5569,1,0,1860,1070,47.7648,-122.164
791500,4,2,1510,3500,1.5,0,1510,0,47.6794,-122.357
265000,3,1.75,1420,8250,1,0,1420,0,47.7535,-122.354
245000,3,1.75,1740,11547,1,0,1740,0,47.4945,-122.22
485000,4,1.75,2560,43995,2,0,2560,0,47.6945,-122.093
684000,4,3.5,3040,8414,2,0,2420,620,47.5222,-122.157
425000,3,1.75,2500,6840,1,0,1300,1200,47.7222,-122.32
309600,4,1.75,1275,20000,1,0,1275,0,47.3796,-122.49
552250,4,2.5,2580,5823,2,0,2580,0,47.5374,-121.875
165000,4,1,1000,7134,1,0,1000,0,47.4897,-122.24
239900,4,1,1000,7134,1,0,1000,0,47.4897,-122.24
320000,2,1,1070,32633,1,0,1070,0,47.4716,-122.078
206600,3,2,1390,13464,1,0,1390,0,47.3581,-122.173
387000,4,1.75,2500,7690,1,0,1250,1250,47.7713,-122.307
299000,1,0.75,560,12120,1,0,560,0,47.675,-121.854
855000,4,2.75,2270,10460,2,0,2270,0,47.5603,-122.222
315000,3,1,1900,14400,1,0,1300,600,47.4147,-122.337
437500,2,1,990,3120,1,0,790,200,47.68,-122.353
252000,4,1.5,1550,19800,1,0,1050,500,47.3117,-122.27
375000,4,1.75,2200,7475,1,0,1100,1100,47.543,-122.28
300000,4,2.5,1910,4862,2,0,1910,0,47.3607,-122.034
420000,4,1,1750,9600,1.5,0,1750,0,47.5759,-122.137
900000,3,1,1330,77972,1,0,1330,0,47.6891,-122.159
679900,3,2.5,2440,5750,2,0,1980,460,47.565,-122.381
463000,3,2.5,1640,29970,2,0,1640,0,47.6359,-121.974
380000,5,2.5,2760,11340,2,0,2760,0,47.4769,-122.141
329500,4,2.5,1820,7912,2,0,1820,0,47.3845,-122.029
604950,3,2.5,2110,5608,1,0,1340,770,47.6743,-122.184
795000,5,2.5,3040,9570,1,0,1640,1400,47.5651,-122.164
465000,3,2,1840,40438,2,0,1840,0,47.4853,-121.709
673000,4,2.5,2990,10400,2,0,2990,0,47.4508,-122.359
810000,4,2.5,3520,15420,2,0,3520,0,47.6375,-122.016
785000,4,2.75,2440,69415,1,0,1910,530,47.5944,-122.042
338000,4,3,2090,7500,1,0,1370,720,47.4888,-122.182
280000,3,2.25,1430,7222,2,0,1430,0,47.5112,-122.19
315000,4,2.25,2180,10754,1,0,1100,1080,47.7711,-122.341
530000,4,2.25,2180,10754,1,0,1100,1080,47.7711,-122.341
380000,5,3,3450,9914,2,0,3450,0,47.2813,-122.345
297000,3,2.25,1450,7562,2,0,1450,0,47.5038,-122.189
730000,4,2.5,3230,7331,2,0,3230,0,47.5823,-121.97
450000,3,1.75,1640,13500,1,0,1110,530,47.7164,-122.304
275000,3,3,1590,7750,1,0,1060,530,47.3624,-122.045
595000,4,2,2020,2849,2,0,2020,0,47.6831,-122.329
435000,3,1.5,1300,3348,1.5,0,1300,0,47.592,-122.307
270000,2,1.5,1380,209959,1,0,1380,0,47.7461,-122.195
950000,3,3,4040,14338,2,0,3030,1010,47.7268,-122.06
389000,4,2.25,2130,5337,2,0,2130,0,47.7237,-121.959
560000,4,2.25,2550,7800,1,0,1580,970,47.6283,-122.095
799000,4,2.25,2510,11585,2,0,2510,0,47.5483,-122.226
365500,3,2,1410,9600,1,0,1410,0,47.7591,-122.146
252350,3,2,1650,7352,1,0,1160,490,47.4612,-122.169
403950,4,2.5,2120,13780,2,0,2120,0,47.4987,-122.365
385000,4,1.5,2040,10726,1,0,1380,660,47.772,-122.358
345000,4,1,1550,7620,1.5,0,1550,0,47.5287,-122.35
490000,3,2.75,1980,3128,2,0,1980,0,47.6109,-122.114
330000,3,2.5,1600,26977,2,0,1600,0,47.7736,-121.901
927000,4,2.75,3300,12090,2,0,3300,0,47.6294,-122.218
330000,2,1,1220,10000,1,0,1220,0,47.7405,-122.241
530000,5,2.25,2720,8800,1,0,1500,1220,47.5976,-122.118
365000,4,2,1940,25600,1,0,1940,0,47.5722,-122.129
378750,3,2.5,2160,3000,1.5,0,1260,900,47.5644,-122.289
269900,4,1.75,1530,8750,1.5,0,1530,0,47.4556,-122.157
557000,3,3.5,1710,2096,2,0,1290,420,47.6055,-122.305
360000,4,1.75,3730,16980,1,0,2150,1580,47.1775,-122.022
352000,2,1,940,5000,1,0,940,0,47.6879,-122.385
437000,3,2.5,1750,22357,2,0,1750,0,47.4807,-121.779
322500,4,2.5,1820,6753,2,0,1820,0,47.3845,-122.032
650000,3,3.25,1510,2000,2,0,1330,180,47.5815,-122.402
450000,3,2,1290,1213,3,0,1290,0,47.6609,-122.344
278500,3,2,1570,5250,1,0,1570,0,47.3163,-122.188
364950,4,2.5,1930,6957,2,0,1930,0,47.4309,-122.191
840000,4,3.5,2840,40139,1,0,2840,0,47.401,-122.026
268000,3,2.5,1550,8134,2,0,1550,0,47.404,-122.191
517534,2,1,833,143947,1,0,833,0,47.3889,-122.482
632925,3,2.5,2990,32239,2,0,2990,0,47.7718,-122.095
577500,3,2.5,2000,7251,2,0,2000,0,47.7067,-122.2
339000,4,1.5,2390,7480,1.5,0,2390,0,47.504,-122.227
570000,3,1.75,2910,37461,1,0,1530,1380,47.7015,-122.164
563500,4,1.75,2085,174240,1,0,1610,475,47.5753,-121.95
423000,4,2.25,2200,9351,1,0,1290,910,47.7448,-122.333
355000,3,2.25,1860,5028,2,0,1860,0,47.7318,-121.982
482000,2,1,950,3960,1,0,950,0,47.6885,-122.337
625000,3,1.75,1600,9135,1,0,1600,0,47.5724,-122.179
538000,3,2.5,2250,11632,2,0,2250,0,47.5272,-122.169
380000,3,2.5,2280,10255,2,0,2280,0,47.4334,-122.161
375000,2,1,940,5120,1,0,940,0,47.6073,-122.308
245000,3,2.5,1530,8500,1,0,1030,500,47.3592,-122.046
310000,5,1.75,2190,27260,1,0,2190,0,47.4546,-122.337
397000,4,2,1440,7680,1,0,1200,240,47.7245,-122.2
365000,3,2.5,2200,4052,2,0,2200,0,47.4362,-122.178
328500,4,3,2290,8250,2,0,2290,0,47.3739,-122.156
988000,4,3,4040,19700,2,0,4040,0,47.7205,-122.127
237000,3,2.5,1490,2138,2,0,1490,0,47.4324,-122.197
525000,4,2.5,2450,5280,2,0,2450,0,47.7734,-122.224
749000,4,2.5,1710,9627,1,0,1440,270,47.559,-122.164
722500,5,2.5,4870,11800,2,0,3470,1400,47.633,-122.041
843000,3,2.5,3130,8750,2,0,3130,0,47.6954,-122.103
438000,2,2,1270,1372,3,0,1270,0,47.6776,-122.318
578000,3,1.75,2120,10875,1,0,1540,580,47.504,-122.382
227950,3,1.5,1670,8230,1,0,1670,0,47.2613,-122.255
196000,3,2.25,2070,11576,2,0,2070,0,47.3417,-122.271
641000,2,1,1420,5332,1,0,1070,350,47.6694,-122.275
350000,3,1.5,1250,219978,1,0,1250,0,47.4056,-121.955
205000,3,1,940,7980,1,0,940,0,47.3838,-122.289
400000,3,1.75,1920,9102,1,0,1920,0,47.7487,-122.082
505000,3,2,1260,5460,1,0,1260,0,47.7355,-122.18
475000,5,2.5,2340,7200,1,0,1300,1040,47.7206,-122.211
520000,3,2.25,2590,9263,1,0,1440,1150,47.7691,-122.262
333500,3,1.75,1220,9732,1,0,1220,0,47.7736,-122.214
232000,3,1,1400,10403,1,0,1400,0,47.362,-122.029
691100,3,2.75,2360,16117,1,0,1710,650,47.5698,-122.121
811000,3,1.75,1870,9897,1,0,1870,0,47.5505,-122.221
551000,3,2.5,2830,5802,2,0,2830,0,47.7605,-122.234
496500,3,2.5,2260,3640,2,0,2260,0,47.7356,-122.157
705000,3,3,1970,20978,2,1,1770,200,47.3844,-122.438
578000,4,2.5,3140,9225,1,0,1770,1370,47.4904,-122.226
255000,3,1.75,1240,8659,1,0,1240,0,47.3663,-122.089
348000,3,2.25,2570,8491,2,0,2570,0,47.3759,-122.125
230000,3,2,1510,3413,2,0,1510,0,47.3912,-122.167
359500,4,2.25,2390,11250,2,0,2390,0,47.3305,-122.371
330000,3,1,980,7000,1,0,980,0,47.7617,-122.357
80000,1,0.75,430,5050,1,0,430,0,47.6499,-121.909
465000,3,1.75,1480,6360,1,0,1480,0,47.7311,-122.353
325000,4,2.5,1850,7324,2,0,1850,0,47.3701,-122.107
340500,3,2,2270,28025,1,0,1920,350,47.4857,-122.318
342500,3,2.5,1810,5192,2,0,1810,0,47.3724,-122.042
290900,2,2,1610,17600,2,0,1610,0,47.4855,-122.266
868700,3,4.25,3840,6161,2,0,3840,0,47.6336,-122.064
859900,4,2.75,3390,6298,2,0,3390,0,47.5906,-122.062
520000,4,2.25,1890,3006,2,0,1890,0,47.5461,-121.998
460000,3,2.5,1610,2527,2,0,1080,530,47.5674,-122.29
438924,3,1.5,1050,4590,1,0,850,200,47.6943,-122.29
315000,2,1,630,6550,1,0,630,0,47.5486,-122.38
590000,4,2.75,2910,10650,1,0,1780,1130,47.6658,-122.188
378500,4,1.75,1700,8640,1,0,850,850,47.5772,-122.153
328500,3,2.5,1950,8130,2,0,1950,0,47.3875,-122.161
849950,3,3,2990,9773,2,0,2990,0,47.6344,-122.174
525000,3,1.5,1350,6000,1,0,900,450,47.5275,-122.391
295000,4,2.5,2160,7725,1,0,1460,700,47.3078,-122.378
207950,2,2,890,5000,1,0,890,0,47.5158,-122.264
699900,4,2.75,2810,7302,2,0,2810,0,47.5985,-121.977
1.28E+06,5,2.5,3400,9500,2,0,3400,0,47.5645,-122.082
452000,4,1.5,1580,7350,1,0,960,620,47.6734,-122.154
370000,3,2,1680,5036,1,0,1680,0,47.4734,-122.186
232000,3,1.75,1300,11230,1,0,1300,0,47.3811,-122.087
669950,5,2.5,2820,14062,2,0,2380,440,47.7081,-122.215
397500,3,2,1510,6710,1,0,1070,440,47.7193,-122.216
490000,2,2.5,1230,1391,2,0,870,360,47.6192,-122.301
725000,4,2,2110,4140,2,0,1710,400,47.5836,-122.387
299000,3,2.75,3080,19635,1,0,1610,1470,47.3841,-122.284
625000,2,1.5,1490,5750,1.5,0,1190,300,47.5872,-122.39
437500,3,2.5,2120,4500,2,0,2120,0,47.5322,-121.88
650000,4,2.5,3180,5438,2,0,3180,0,47.5416,-121.864
475000,2,1,1490,3825,1,0,860,630,47.6799,-122.381
342000,3,2,1930,11947,1,0,1930,0,47.3672,-122.151
280000,3,1.5,1670,11610,1,0,1670,0,47.4404,-122.191
240000,2,1.75,1330,7200,1,0,1330,0,47.4467,-122.281
529000,3,1,1210,3328,1.5,0,1210,0,47.6729,-122.363
442000,3,1,1190,5100,1,0,1030,160,47.5346,-122.385
615000,2,1,1540,6872,1,0,820,720,47.6454,-122.373
585000,4,1.75,2430,7559,1,0,1580,850,47.7206,-122.11
480000,4,2.5,2600,7787,2,0,2600,0,47.4877,-122.139
290000,4,1,1330,8184,1.5,0,1330,0,47.7343,-122.347
615000,3,1.75,1900,5000,1,0,950,950,47.5789,-122.393
300000,2,1,1100,7680,1,0,1100,0,47.7439,-122.339
308000,3,1,1980,39150,1.5,0,1580,400,47.3818,-122.225
750000,3,2.5,2400,7745,2,0,2400,0,47.6734,-122.173
890000,4,3.25,3180,194278,2,0,3180,0,47.4711,-122.084
288000,3,1,1190,7560,1,0,1190,0,47.452,-122.177
190000,2,1,630,6000,1,0,630,0,47.4973,-122.221
515000,5,3,2530,5105,1,0,1520,1010,47.7546,-122.341
235000,4,1.5,1690,11054,1,0,1690,0,47.4667,-122.215
275000,2,1,940,5000,1,0,940,0,47.5186,-122.374
727500,2,2,1240,9119,1,0,1240,0,47.6221,-122.193
650000,4,2.5,3040,6587,2,0,3040,0,47.683,-122.039
365000,4,1,1590,7085,1.5,0,1590,0,47.7315,-122.305
662000,3,1.75,2500,36947,1,0,2500,0,47.6917,-122.084
270500,3,2.5,1780,7848,1,0,1320,460,47.3608,-122.056
200000,2,1.5,1360,1898,2,0,1360,0,47.2852,-122.19
970000,4,3.25,4740,76230,2,0,4740,0,47.5931,-122.071
160000,3,1.5,1010,9600,1,0,1010,0,47.4097,-122.316
204000,3,1,1040,7405,1,0,1040,0,47.3105,-122.021
358000,3,2.25,1610,6655,2,0,1610,0,47.4296,-122.161
452000,4,1.75,1570,8268,1,0,1570,0,47.7373,-122.197
595000,2,2,1510,4000,1,0,1010,500,47.6582,-122.345
249000,3,2,1360,6082,1,0,1360,0,47.3577,-122.16
346900,4,2.5,1970,5106,2,0,1970,0,47.449,-122.205
280000,4,2.5,1560,4350,2,0,1560,0,47.5025,-122.186
318888,4,1.75,2320,12000,1,0,2270,50,47.3644,-122.28
530000,3,2.25,2120,40518,1,0,2120,0,47.5896,-122.009
375000,3,2.25,2120,18500,2,0,2120,0,47.3914,-122.169
910000,4,2.5,3350,29242,2,0,3350,0,47.7197,-122.131
782000,4,2.5,2380,9614,2,0,2380,0,47.5623,-122.116
259950,2,2,1070,649,2,0,720,350,47.5213,-122.357
315000,4,2.75,2300,18360,1,0,1560,740,47.4518,-122.16
215000,2,1,1320,8865,1,0,1320,0,47.4949,-122.3
705000,3,1.75,2180,10221,1,0,1140,1040,47.5885,-122.248
451000,3,1.75,1790,9813,2,0,1790,0,47.749,-122.305
261000,2,1,750,8125,1,0,750,0,47.4727,-122.198
396000,3,1.5,1300,8280,1,0,1300,0,47.7403,-122.256
725000,4,2.5,2990,29170,2,0,2990,0,47.5146,-122.117
238000,4,1,1400,7242,1.5,0,1400,0,47.4339,-122.291
750000,6,1.75,2750,9563,2,0,2750,0,47.6368,-122.097
331500,4,2.5,2050,10271,2,0,2050,0,47.3628,-122.075
460000,4,3,2230,108900,1,0,1410,820,47.52,-121.845
404950,4,2.25,2340,217014,1,0,2340,0,47.2953,-122.083
880000,3,2.5,2870,5163,2,0,2870,0,47.6935,-122.352
863000,4,2.5,4120,22370,2,0,4120,0,47.6239,-122.023
638700,3,1.75,2080,9162,1,0,1370,710,47.5846,-122.168
435000,3,2.5,1840,5680,2,0,1840,0,47.6969,-122.026
260000,3,1,1180,5350,1.5,0,1180,0,47.505,-122.259
671500,5,2.75,2160,4000,1.5,0,1530,630,47.667,-122.289
610000,3,1,1180,3400,1.5,0,1180,0,47.6376,-122.353
405000,2,0.75,1160,15029,1,0,870,290,47.6929,-121.87
338900,4,2.5,1830,5612,2,0,1830,0,47.3572,-122.015
720000,4,4,3200,7708,2,0,3200,0,47.5816,-121.97
442000,5,3,2560,5445,1.5,0,1760,800,47.5502,-122.311
650000,5,2.75,2550,5040,1.5,0,2550,0,47.6136,-122.299
263500,3,1.75,1330,9917,1,0,1040,290,47.4478,-122.161
300000,2,1,1220,75794,1,0,1220,0,47.4219,-122.007
266000,3,2.5,1805,3402,2,0,1805,0,47.3521,-122.212
930000,4,4,6050,84942,2.5,0,4150,1900,47.7466,-122.029
530000,4,2.5,2320,5493,2,0,2320,0,47.7727,-122.229
180000,3,1,1384,8960,1,0,1384,0,47.3062,-122.371
619000,3,2.5,2720,6439,2,0,2720,0,47.5422,-121.86
264000,3,1.5,1820,10608,1,0,1820,0,47.3366,-122.306
730000,2,2.25,2130,4920,1.5,0,1530,600,47.573,-122.409
439000,4,2.25,2060,10070,2,0,2060,0,47.7258,-122.177
268500,4,1.75,1420,7500,1,0,1080,340,47.4025,-122.176
330000,3,1.75,1510,15744,1,0,1510,0,47.476,-121.755
640000,3,2.5,2160,4000,1.5,0,1960,200,47.6045,-122.307
900000,3,2.5,3180,12600,2,0,3180,0,47.6366,-122.058
370000,3,2.25,2110,13300,2,0,2110,0,47.3725,-122.06
685000,3,2,2060,2900,1.5,0,1330,730,47.5897,-122.292
505000,3,1.5,1830,217800,1,0,1010,820,47.6277,-121.972
265000,3,1.75,1820,32666,1,0,1820,0,47.1803,-121.974
290000,3,2.5,1610,2937,2,0,1610,0,47.4489,-122.188
296000,4,2.5,1780,3600,2,0,1780,0,47.3665,-122.017
360000,4,2.5,1840,9611,2,0,1840,0,47.4964,-122.251
240500,3,1.75,1460,10584,1,0,990,470,47.492,-122.317
372500,2,2.5,1400,2958,2,0,1400,0,47.5496,-122.373
595000,3,2.5,3370,14402,2,0,3370,0,47.5008,-121.776
515000,4,3,3590,8249,2,0,3590,0,47.2846,-122.341
507000,2,1.75,1670,6460,1,0,1670,0,47.7123,-122.027
399950,4,2,2420,31465,1,0,2420,0,47.3131,-122.115
185000,3,1.75,1430,10816,2,0,1430,0,47.3122,-121.996
460000,3,1.75,1440,7070,1,0,1440,0,47.6947,-122.125
435500,3,2.25,1450,4789,2,0,1450,0,47.5665,-122.018
469000,4,2.75,3550,13938,1,0,2100,1450,47.425,-122.283
531000,2,3,1270,1175,2,0,1110,160,47.6634,-122.34
443500,2,1,940,6804,1,0,940,0,47.7047,-122.373
223000,3,2,1670,6824,1,0,1300,370,47.3666,-122.084
590000,4,3.5,3100,15842,2,0,2400,700,47.7466,-122.242
340000,2,2.5,1100,1760,3,0,1100,0,47.6972,-122.35
650000,3,2,1870,3388,1,0,1230,640,47.6372,-122.395
533600,3,2.5,1930,5080,2,0,1930,0,47.5694,-122.001
695000,3,2.75,2540,4694,2,0,2540,0,47.6214,-122.024
242000,3,1.75,1280,7524,1.5,0,1280,0,47.3961,-122.188
425000,3,2.25,1820,8814,1,0,1280,540,47.7162,-122.309
525000,3,2.25,1490,9414,2,0,1490,0,47.6844,-122.113
485000,3,2.5,1880,5502,2,0,1880,0,47.5737,-122.018
175000,3,1,1250,9775,1,0,1250,0,47.4474,-121.771
210000,3,2,1440,7210,1,0,1440,0,47.3128,-122.184
260000,3,2.5,1920,7415,2,0,1920,0,47.4022,-122.171
577000,3,2.5,2060,5750,1,0,1330,730,47.5671,-122.391
200000,3,1.5,1210,10588,1,0,1210,0,47.2876,-122.212
605000,2,1.75,1760,5000,1,0,940,820,47.682,-122.372
325000,3,1,990,6750,1,0,990,0,47.7125,-122.331
289500,3,1,960,6400,1,0,820,140,47.496,-122.239
559950,3,2.5,1660,1458,3,0,1660,0,47.5876,-122.309
543500,3,2.25,1270,2790,1,0,990,280,47.6581,-122.396
480000,4,2.25,3250,34293,2,0,3250,0,47.3496,-122.094
218000,3,1,960,9633,1,0,960,0,47.1951,-122.001
565000,2,1.75,1330,6000,1,0,960,370,47.6539,-122.396
426700,3,1.75,2080,7700,1,0,1600,480,47.5375,-122.178
650000,3,2.5,2690,11575,1,0,2130,560,47.7605,-122.267
542000,2,1,890,3060,1,0,770,120,47.6663,-122.326
415000,3,1.75,1070,8000,1,0,1070,0,47.6978,-122.13
214000,3,1,1200,8316,1,0,1200,0,47.3221,-122.215
245000,3,1.5,1360,8910,2,0,1360,0,47.4488,-122.275
314500,3,2,2050,13303,1,0,2050,0,47.2681,-122.31
378000,2,2,1300,3850,1,0,800,500,47.5395,-122.39
305000,4,2.5,2250,9091,1,0,1340,910,47.336,-122.269
595000,5,2.75,3740,6750,1,0,1980,1760,47.7679,-122.261
729500,3,2.5,1660,1091,3,0,1530,130,47.5818,-122.402
430000,3,2.5,2360,6699,2,0,2360,0,47.5317,-121.853
240000,3,1.75,1760,6500,1,0,1150,610,47.3647,-122.05
545000,3,1.75,1680,6200,1.5,0,1680,0,47.5338,-122.384
530000,3,1.75,1320,2500,1,0,870,450,47.6681,-122.305
157000,1,1,870,26326,1,0,870,0,47.4152,-122.3
425000,4,1,1260,7645,1.5,0,1260,0,47.5044,-122.35
220000,3,1,1000,6020,1,0,1000,0,47.4793,-122.346
521000,4,1.75,2020,36400,1,0,1550,470,47.7627,-122.076
325000,3,1,1920,6862,1,0,1120,800,47.5193,-122.274
597500,3,2,2150,5400,1.5,0,1380,770,47.555,-122.379
337000,3,2.5,1470,3976,2,0,1470,0,47.526,-121.826
495000,3,1,990,6000,1,0,990,0,47.6718,-122.267
748000,4,3.5,2770,3330,2,0,1970,800,47.6327,-122.109
888000,3,1.5,1250,8710,1,0,1250,0,47.6245,-122.198
269900,3,1.75,1140,22267,1,0,1140,0,47.4761,-121.758
496500,4,2.5,2250,14440,1,0,1550,700,47.5221,-122.045
475000,3,2.5,1640,5097,2,0,1640,0,47.7522,-122.278
312000,3,1.5,1255,1374,3,0,1255,0,47.7145,-122.311
323000,3,1,1290,12231,1,0,1290,0,47.7404,-122.11
331000,3,1.75,1300,9079,1,0,1300,0,47.4834,-122.159
306000,3,1.5,1220,1086,3,0,1220,0,47.7049,-122.353
655000,4,2.5,2630,4000,3,0,2630,0,47.6915,-122.381
290000,3,1.5,1950,15954,1,0,1950,0,47.336,-122.319
460000,3,1.75,1550,4708,1,0,860,690,47.6759,-122.286
435000,4,2.5,1700,6380,1,0,850,850,47.6988,-122.319
664000,4,2.75,2510,11880,1,0,1630,880,47.5427,-122.181
865000,4,1.75,1800,4180,2,0,1800,0,47.6462,-122.318
385000,3,1.75,1800,18000,1,0,1200,600,47.4406,-122.146
497000,3,2.25,1870,9315,1,0,1350,520,47.705,-122.202
280000,2,1,1010,3000,1,0,1010,0,47.4965,-121.785
188000,2,1.5,1120,17487,1,0,1120,0,47.5024,-122.271
478500,3,1,2090,4755,1,0,1200,890,47.5304,-122.387
222000,3,2,1440,7187,1,0,970,470,47.291,-122.368
799000,4,3,2580,209523,2,0,2580,0,47.6932,-122.006
609900,4,2.5,3190,7399,2,0,3190,0,47.3558,-122.004
413000,4,3.5,2380,5809,2,0,1750,630,47.5536,-122.359
400000,4,1,1420,4875,1.5,0,1420,0,47.6942,-122.321
802541,5,2.75,2990,6768,2,0,2990,0,47.5462,-122.182
320000,3,2.5,2680,7757,2,0,2680,0,47.2918,-122.346
507000,4,2.5,2730,7649,2,0,2730,0,47.5441,-121.882
387500,3,1,1220,8329,1,0,1220,0,47.6982,-122.298
396000,3,1,1500,12616,1,0,1500,0,47.7415,-122.101
373000,3,1.75,1830,11788,1,0,1430,400,47.4862,-122.224
359900,4,2.25,2470,7698,2,0,2470,0,47.4406,-122.141
410000,2,1,800,4342,1,0,670,130,47.6997,-122.316
690000,4,2.5,2900,23488,2,0,2900,0,47.6726,-122.03
245000,3,2,1410,5760,1,0,1410,0,47.3702,-122.185
700000,5,2.5,2830,25958,1,0,1610,1220,47.5896,-122.083
268000,4,1.75,1680,9966,1,0,1100,580,47.3923,-122.311
225000,3,1.75,1760,26055,1,0,920,840,47.3664,-122.1
980000,4,2.25,2240,11034,2,0,2240,0,47.5894,-122.195
795000,2,1,1380,5000,1.5,0,1380,0,47.5708,-122.359
195000,2,1,820,5100,1,0,820,0,47.5156,-122.262
480000,4,2,2180,10575,1,0,1730,450,47.589,-122.177
485000,4,2,1400,3600,1,0,1100,300,47.6385,-122.37
130000,2,1,880,9000,1,0,880,0,47.4672,-122.291
325000,2,1,1060,5703,1,0,1060,0,47.3444,-122.327
440000,3,1.75,1530,7245,1,0,1530,0,47.731,-122.191
550000,4,1.75,2480,14782,1,0,1460,1020,47.7646,-122.271
310000,3,1.75,1490,7150,1,0,1490,0,47.5015,-122.124
530000,3,2.5,3660,39478,2,0,3260,400,47.2413,-121.972
390000,4,2.5,2340,8548,2,0,2340,0,47.4206,-122.183
243000,3,1.75,1450,12125,1,0,1450,0,47.3575,-122.28
639000,4,2.5,2210,9875,2,0,2210,0,47.6285,-122.025
215000,4,1,1130,7400,1,0,1130,0,47.3437,-122.316
405000,5,1.75,1550,10500,1,0,1100,450,47.7573,-122.22
250000,4,1.75,1710,7140,1,0,1010,700,47.3745,-122.275
405500,3,1.5,1010,8108,1,0,1010,0,47.7359,-122.309
452000,6,2.25,2660,13579,2,0,2660,0,47.7142,-122.286
730000,6,2.25,2660,13579,2,0,2660,0,47.7142,-122.286
267000,3,2,1300,9644,1,0,1300,0,47.3131,-121.998
289950,3,2.5,1670,6186,2,0,1670,0,47.3668,-122.031
565000,2,1,960,4080,1,0,960,0,47.6893,-122.349
636000,3,2.5,2140,2770,2,0,1770,370,47.6664,-122.131
350000,5,3,2520,5500,1,0,1550,970,47.4938,-122.255
320000,3,1.5,1650,9380,1,0,1130,520,47.4525,-122.162
210000,2,1.75,1440,5680,1,0,1440,0,47.3825,-122.319
245000,2,1,1050,5900,1,0,1050,0,47.5326,-122.376
328000,3,1.75,1470,7650,1,0,1130,340,47.4818,-122.161
985000,4,2.25,4230,37769,2,0,4230,0,47.7287,-122.077
501000,3,1.75,1970,7972,1,0,1370,600,47.4908,-122.225
315000,3,2.25,1540,17424,2,0,1540,0,47.4429,-121.759
403000,3,2.75,2090,8354,2,0,2090,0,47.7336,-121.965
550000,3,2,2380,17950,2,0,2110,270,47.7591,-122.28
347500,4,2.5,2156,3562,2,0,2156,0,47.3591,-122.201
365000,4,2.25,2070,8893,2,0,2070,0,47.4388,-122.162
588000,3,1,1910,8167,1,0,1270,640,47.7004,-122.368
605000,3,1.75,1920,7400,1,0,1260,660,47.5633,-122.131
233000,3,2,1400,9177,1,0,1400,0,47.3415,-122.272
360000,4,2.5,2210,17715,2,0,2210,0,47.3818,-122.2
459000,2,1.75,1170,4887,1,0,1020,150,47.695,-122.366
740000,3,2,2100,72745,1,0,2100,0,47.7479,-122.062
305000,3,1,1160,9750,1,0,1160,0,47.7422,-122.073
395000,3,1,1500,4000,1,0,900,600,47.6921,-122.38
560000,4,2.5,2940,6000,2,0,2940,0,47.7533,-122.198
650000,4,1.75,2010,5070,1,0,1300,710,47.5793,-122.402
449950,3,2.5,2170,4912,2,0,2170,0,47.7767,-122.239
517500,3,1.5,1430,5200,1,0,1250,180,47.6988,-122.387
435000,4,1.5,1510,6460,1,0,1070,440,47.7121,-122.214
329999,3,1,1150,6908,1,0,800,350,47.7447,-122.313
950000,3,1.75,2150,4200,1,0,1140,1010,47.5671,-122.405
447000,3,1,1370,6001,1,0,1230,140,47.5646,-122.317
699800,2,2.5,2380,6600,1,0,2380,0,47.717,-122.02
850000,3,1.75,1370,3850,1,0,770,600,47.6374,-122.279
316500,3,1.75,1600,14250,1,0,1070,530,47.3272,-122.355
942500,5,3.5,3750,9612,1,0,2030,1720,47.5511,-122.157
856600,4,2.25,2400,13430,1,0,2400,0,47.5987,-122.178
405600,5,1.5,2830,4000,2.5,0,2830,0,47.5132,-122.262
565000,4,2.5,2440,22594,2,0,2440,0,47.6333,-121.97
400000,3,2.25,1190,1149,2,0,1050,140,47.5818,-122.387
330000,3,2,1400,218252,1,0,1400,0,47.7576,-121.934
374950,4,2.75,2730,4683,2,0,2730,0,47.3608,-122.043
405300,3,2.75,2390,7939,1,0,1610,780,47.4987,-122.166
560000,3,2.25,2060,31400,2,0,2060,0,47.6216,-122.056
824000,4,2.25,2490,9864,1,0,1290,1200,47.6051,-122.195
260000,3,1.75,1100,10968,1,0,1100,0,47.363,-122.08
760000,4,2.5,2430,6099,1,0,1470,960,47.6777,-122.287
405000,3,2.5,3170,12750,2,0,2360,810,47.3384,-122.336
429900,4,2.5,2640,8625,2,0,2640,0,47.4598,-122.15
341500,3,1.5,1130,7223,1,0,1130,0,47.5089,-122.189
465250,5,2,1940,7642,1.5,0,1940,0,47.7751,-122.38
450000,2,2,1100,3000,1.5,0,1100,0,47.6797,-122.362
390000,3,1,1200,10800,1,0,1200,0,47.5771,-122.144
420000,3,2.25,2000,8030,1,0,1000,1000,47.6188,-122.114
269950,3,2.5,1890,4838,2,0,1730,160,47.4802,-122.279
493000,4,2,1910,2874,1,0,1060,850,47.6101,-122.295
370000,4,2.5,2710,5880,2,0,2710,0,47.3314,-122.172
305000,3,1,1250,23680,1,0,1250,0,47.475,-122.11
400000,3,1.75,1590,8219,1.5,0,970,620,47.7146,-122.217
320000,3,1.5,1240,1221,2,0,1050,190,47.7073,-122.356
715000,4,1,2000,4800,2,0,2000,0,47.6583,-122.351
650000,6,2.75,3610,10003,1.5,0,3610,0,47.6261,-122.125
218000,5,1.75,1930,8040,1,0,1930,0,47.3109,-122.376
500000,2,1,1280,5400,1,0,1280,0,47.6949,-122.371
460000,4,2,2090,40419,1,0,2090,0,47.4691,-121.993
232500,3,1.5,1940,9887,1,0,1140,800,47.3289,-122.327
408200,3,2.5,1800,5761,2,0,1800,0,47.5293,-122.363
522000,3,1.75,1730,8400,1,0,1400,330,47.6792,-122.115
675000,4,2.5,2810,11120,2,0,2810,0,47.6337,-122.044
249950,4,1,1330,7980,1.5,0,1330,0,47.492,-122.333
210000,2,1,750,34133,1,0,750,0,47.4781,-122.294
429950,4,1,1760,7216,1,0,1090,670,47.7041,-122.355
737500,4,2.5,3200,36276,2,0,3200,0,47.6304,-121.994
710000,4,2,1740,9000,1,0,1740,0,47.6815,-122.198
470000,3,2.5,2100,4700,2,0,2100,0,47.5341,-121.867
650000,3,2,1340,2720,1.5,0,1340,0,47.6518,-122.335
1.22E+06,4,2.5,3190,8684,1,0,1680,1510,47.5619,-122.162
422120,3,2.5,1630,4534,2,0,1630,0,47.7148,-122.205
625000,5,2.5,2990,15085,2,0,2990,0,47.746,-122.218
385200,4,1,1550,7740,1.5,0,1550,0,47.5222,-122.375
500000,3,2.25,1690,4964,2,0,1690,0,47.5756,-122.01
308000,4,2.25,1960,12243,2,0,1960,0,47.3405,-122.058
565000,3,2.75,2390,9966,1,0,1360,1030,47.5433,-122.185
581000,3,2.5,2600,4438,2,0,2600,0,47.6799,-122.034
361000,3,2,1950,8698,1,0,1950,0,47.39,-122.153
345000,3,1,1250,7210,1,0,1250,0,47.6329,-122.121
419000,2,2.25,1180,1253,2,0,840,340,47.6124,-122.309
347000,3,2.5,1680,4308,2,0,1680,0,47.4802,-122.179
625000,4,2.25,2220,36085,2,0,2220,0,47.5839,-121.991
379000,3,3.25,2660,17852,2.5,0,2660,0,47.3077,-122.011
310000,3,1.5,1150,3323,2,0,1150,0,47.5707,-122.017
250000,2,2,1130,5500,1,0,1130,0,47.3839,-122.225
682000,5,2.75,2760,5000,2,0,2760,0,47.539,-122.188
246500,3,2,1430,8919,1,0,1430,0,47.2118,-121.983
325000,3,1,1490,57381,1.5,0,1490,0,47.2597,-122.228
310950,4,2.5,2030,4997,2,0,2030,0,47.393,-122.184
287500,3,1,1810,7200,1,0,1130,680,47.7493,-122.351
431000,3,1,1810,7200,1,0,1130,680,47.7493,-122.351
226000,3,1,970,5000,1,0,970,0,47.5282,-122.279
825000,3,1.75,2010,3090,1.5,0,1510,500,47.682,-122.348
175000,4,1,1300,6030,1.5,0,1300,0,47.4778,-122.286
465750,3,1.5,1260,10350,1,0,1260,0,47.6357,-122.123
659000,4,2.25,2610,24931,2,0,2610,0,47.5771,-122.05
595000,3,1.75,1910,5753,1,0,1110,800,47.6898,-122.327
350000,3,2.25,1780,16290,2,0,1780,0,47.4622,-122.127
270000,4,2.25,1900,8600,1,0,1900,0,47.3102,-122.381
662500,6,2.25,2450,25600,1,0,1340,1110,47.6061,-122.117
249900,3,1.75,1380,14000,1,0,1380,0,47.294,-122.281
324500,3,1.75,1920,11340,1,0,1230,690,47.3272,-122.362
430000,2,1.75,1350,4003,1,0,1350,0,47.7176,-122.033
419950,2,1.75,1350,4003,1,0,1350,0,47.7176,-122.033
285000,4,1.75,2510,7440,1,0,1290,1220,47.3748,-122.276
332000,4,2.5,2470,7780,2,0,2470,0,47.3337,-122.191
282000,4,1.75,1660,10725,1,0,960,700,47.5033,-122.3
320000,3,1,1340,5175,1,0,940,400,47.7321,-122.34
428750,3,1,1620,30736,1.5,0,1620,0,47.5719,-122.119
330000,3,2.25,2300,35287,2,0,2300,0,47.2477,-121.937
456500,4,3.5,2000,2309,3,0,2000,0,47.7027,-122.361
352000,3,2.25,1640,11050,1,0,1640,0,47.4723,-122.121
664000,4,2,1530,4080,1.5,0,1530,0,47.6645,-122.325
628000,3,1.75,4000,11894,1,0,2190,1810,47.7738,-122.203
512000,3,1.75,1610,12555,1,0,1080,530,47.6618,-122.136
254000,3,2,2070,9000,1,0,1450,620,47.3085,-122.376
535800,4,2.5,1900,5790,2,0,1900,0,47.5691,-121.996
287653,3,1,1050,16050,1,0,1050,0,47.3841,-122.006
438000,3,2.5,1520,1304,2,0,1180,340,47.5446,-122.385
450000,4,1.75,2390,23899,1,0,1750,640,47.7557,-122.237
327000,5,2.75,2400,8050,2,0,2400,0,47.2635,-122.209
370500,4,2.5,1790,6120,2,0,1790,0,47.4829,-122.128
265000,3,2.5,1720,6271,2,0,1720,0,47.3898,-122.049
450000,4,2.75,2980,13260,1,0,1800,1180,47.5152,-122.197
425000,3,1,1520,213444,1.5,0,1520,0,47.5081,-122.093
166600,3,1.75,1150,8690,1,0,1150,0,47.3729,-122.115
245000,1,0.75,380,15000,1,0,380,0,47.481,-122.323
565000,3,1,910,5212,1,0,910,0,47.6742,-122.284
539900,3,1.75,1650,10150,1,0,1230,420,47.6963,-122.169
910000,3,3.5,2480,3200,2,0,2480,0,47.5951,-122.307
280000,4,2.5,2050,7416,2,0,2050,0,47.2658,-122.219
275000,3,2.25,1420,8549,2,0,1420,0,47.3576,-122.039
467000,3,2.5,3460,6590,2,0,3460,0,47.4802,-122.188
457500,3,2.5,1500,4445,2,0,1500,0,47.5682,-122.005
381156,2,1,1320,3090,1,0,1320,0,47.5517,-122.276
289999,5,2.5,2180,8240,1,0,1220,960,47.3122,-122.191
642450,3,1.75,1830,4160,1,0,1230,600,47.5962,-122.288
469950,3,2.25,1620,8701,1,0,1220,400,47.6071,-122.137
795000,3,2,2920,13650,1,0,1460,1460,47.6652,-122.188
785000,4,2.5,3300,10514,2,0,3300,0,47.6323,-122.036
860000,3,2.25,3060,12095,2,0,3060,0,47.5611,-122.106
147500,3,1,1530,8498,1,0,1530,0,47.404,-122.203
390000,3,2,1910,11576,1,0,1410,500,47.7356,-122.198
229000,3,1,1020,8100,1,0,1020,0,47.3586,-122.314
185000,3,1,1150,8100,1,0,1150,0,47.494,-122.307
414900,3,1.5,1260,9570,1,0,870,390,47.7004,-122.305
200000,4,2,1920,4822,1,0,920,1000,47.5507,-122.381
225000,4,2.25,1800,9350,1,0,1800,0,47.2959,-122.191
720000,3,1.75,2040,4000,2,0,1360,680,47.6675,-122.289
930000,4,2.5,2200,4000,2,0,1430,770,47.6402,-122.37
700000,5,3.25,2400,3118,2,0,1780,620,47.6094,-122.291
466000,2,1.5,1140,1058,3,0,1140,0,47.6608,-122.333
374000,3,1.5,1330,10640,1,0,1330,0,47.7364,-122.193
480000,3,2.5,1940,10035,2,0,1940,0,47.7438,-122.172
740000,3,2.5,3000,25341,2,0,3000,0,47.6724,-122.013
1.01E+06,4,1,1820,5400,1.5,0,1820,0,47.6476,-122.318
395000,4,2.5,2910,5000,2,0,2910,0,47.3782,-122.127
340000,2,1,1090,6771,1,0,1090,0,47.5185,-122.352
209000,3,2,1230,1340,2,0,1020,210,47.526,-122.361
431650,5,2.5,1710,7700,1.5,0,1710,0,47.5922,-122.146
980000,5,2.5,3160,11470,1,0,1780,1380,47.5368,-122.216
660000,3,2.5,2680,28243,2,0,2680,0,47.7637,-122.05
730000,4,2.25,2190,9009,2,0,1840,350,47.6916,-122.188
291500,3,1.75,1260,9600,1,0,1260,0,47.3592,-122.076
905000,4,3.5,2970,14486,2,0,2340,630,47.5627,-122.215
800000,4,2.5,2570,50308,1.5,0,2570,0,47.7418,-122.039
839900,4,3.5,3810,13592,1,0,2560,1250,47.5134,-122.2
200000,1,1.5,1010,1157,2,0,950,60,47.5492,-122.372
300000,3,2,1480,6698,1,0,1080,400,47.4614,-122.168
530000,3,1.75,1250,6041,1.5,0,1250,0,47.69,-122.304
314950,3,2.25,1654,8479,2,0,1654,0,47.3627,-122.037
255000,3,1.75,1410,9315,1,0,1410,0,47.3969,-122.198
550000,5,2.75,2160,5720,1,0,1500,660,47.5728,-122.304
435000,3,1,1400,4800,1,0,700,700,47.5499,-122.391
234000,3,1.75,1420,8738,1,0,1420,0,47.3113,-122.207
615000,4,2.25,2500,10062,1,0,1600,900,47.639,-122.1
205000,3,2,1410,8384,1,0,1410,0,47.3315,-122.263
384000,4,1.75,2100,7135,1,0,1050,1050,47.5353,-122.349
324000,3,2.5,1750,7208,2,0,1750,0,47.4315,-122.192
645000,3,1.75,2070,5500,1,0,1130,940,47.6733,-122.301
570000,3,3.25,1570,1777,2,0,1260,310,47.6655,-122.369
324000,3,2.5,1920,5322,2,0,1920,0,47.4095,-122.195
270000,2,1,1000,10320,1,0,1000,0,47.527,-122.356
290000,5,1.5,2120,7700,1.5,0,2120,0,47.4599,-122.172
250000,3,2,1440,9220,1,0,1440,0,47.3702,-122.317
342000,3,1.75,1660,16275,2,0,1660,0,47.6903,-121.915
255000,3,1.5,1340,8450,1,0,1340,0,47.4405,-122.28
800000,3,2.25,2380,11824,1,0,1450,930,47.5371,-122.218
451000,3,1.75,1560,4049,1.5,0,1000,560,47.5666,-122.375
990000,4,2.5,2780,10480,1,0,1390,1390,47.6597,-122.204
288400,4,2.5,1860,6687,1,0,1220,640,47.4046,-122.186
420000,3,1.5,2390,4600,2,0,1750,640,47.5383,-122.268
359000,2,2.75,1370,1140,2,0,1080,290,47.7052,-122.343
390000,4,3,2570,262018,1,0,1420,1150,47.4417,-122.09
300000,3,2.5,1320,2614,2,0,1320,0,47.5355,-122.283
545000,5,2.5,2520,7863,1,0,1500,1020,47.7096,-122.199
288349,3,1,1250,18616,1,0,1250,0,47.3414,-122.047
299900,3,2.25,1560,35026,1,0,1290,270,47.3023,-122.069
891000,4,2,2330,5000,1.5,0,1720,610,47.6804,-122.358
378000,4,2.5,2790,4650,2,0,2790,0,47.3556,-122.026
299995,2,1,1060,7200,1,0,1060,0,47.7463,-122.315
253000,3,2.5,2020,6564,1,0,1310,710,47.3545,-122.158
350000,3,2.25,1580,47916,1,0,1580,0,47.5583,-121.852
565000,4,3,2020,4300,1.5,0,2020,0,47.6653,-122.372
315000,2,1,970,5665,1,0,970,0,47.5513,-122.273
570000,4,3,1490,6766,1.5,0,1490,0,47.5446,-122.382
971000,5,3.5,4390,10140,2,0,3350,1040,47.7174,-122.282
915000,5,2.5,2750,5589,1.5,0,1840,910,47.6364,-122.3
419000,4,1.5,2150,23568,1,0,2150,0,47.4522,-122.355
260000,4,1.75,1810,7480,1,0,1230,580,47.3275,-122.361
369950,3,1,2430,10720,1,0,2430,0,47.4895,-121.787
435000,5,1,1410,6750,1.5,0,1410,0,47.5453,-122.278
601000,3,1.75,1330,6743,1,0,1330,0,47.7012,-122.286
460500,3,1,1490,10650,1,0,1150,340,47.663,-122.178
720000,3,2.5,2020,1159,3,0,2020,0,47.6617,-122.356
851000,4,2.5,3130,13202,2,0,3130,0,47.5878,-121.976
550000,4,3,2670,5000,2,0,2670,0,47.5784,-122.377
700000,4,1,1980,4560,1.5,0,1980,0,47.6606,-122.331
323000,3,1.75,2100,14850,1,0,2100,0,47.3622,-122.059
345500,3,1,1350,8581,1,0,1350,0,47.7612,-122.362
378000,4,1.5,2140,7920,1,0,1190,950,47.5491,-122.272
650000,4,2,2208,5000,3,0,2208,0,47.5711,-122.383
385000,3,2,1010,7380,1,0,1010,0,47.6273,-122.062
425000,2,1,970,2970,1,0,970,0,47.6233,-122.319
210000,4,2,1520,6174,1.5,0,1520,0,47.2105,-121.989
630000,4,2.5,2740,43101,2,0,2740,0,47.7649,-122.049
335000,3,1.75,1570,7500,1,0,1300,270,47.4999,-122.368
196500,3,1,1320,9000,1,0,1320,0,47.3461,-122.272
582800,4,2.75,2550,7636,1,0,1440,1110,47.6471,-122.06
440000,3,1.75,1560,7207,1,0,1250,310,47.7283,-122.222
752500,4,2.25,2360,8616,2,0,2360,0,47.6495,-122.198
532500,3,1.75,1330,5000,2,0,1210,120,47.5724,-122.384
265000,3,1,1070,9000,1,0,1070,0,47.4061,-122.33
397500,3,1.25,1510,13737,1,0,810,700,47.7289,-122.283
524250,3,2.5,1710,3469,2,0,1710,0,47.546,-122.011
765000,4,2.75,2790,10819,2,0,2790,0,47.5515,-122.08
648000,4,2.5,2620,5450,2,0,2620,0,47.6301,-122.019
469500,5,2.5,2970,24759,1,0,1670,1300,47.3908,-122.173
237500,3,1.75,1050,7854,1,0,1050,0,47.3011,-122.369
216000,3,1,1280,8712,1,0,1280,0,47.3298,-122.297
427200,3,1,1030,8400,1,0,1030,0,47.5364,-122.173
280000,3,2.25,1900,7800,1,0,1390,510,47.4545,-122.208
718000,5,3,3070,9804,1,0,1740,1330,47.5702,-122.128
420000,2,2.75,1760,4139,2,0,1760,0,47.5175,-121.878
379000,2,1,930,5400,1,0,930,0,47.6971,-122.372
326100,2,1,880,7683,1,0,880,0,47.7145,-122.361
535000,3,2.5,1360,1016,3,0,1310,50,47.6774,-122.324
283000,4,2.75,2130,8560,1,0,1560,570,47.1949,-122.01
260000,3,1,1480,7469,1.5,0,1120,360,47.5048,-122.301
399000,4,1,1500,6388,1.5,0,1500,0,47.5303,-122.378
484950,3,2.25,1670,5004,2,0,1670,0,47.5688,-122.017
640000,4,1.75,2060,9828,1,0,2060,0,47.5867,-122.174
585000,4,2.5,2160,8158,1,0,1660,500,47.6948,-122.328
645000,4,2,2780,11583,1,0,1190,1590,47.7293,-122.284
253000,3,2,1490,7651,1,0,1490,0,47.3211,-122.325
178500,2,1,740,6460,1,0,740,0,47.5077,-122.344
291000,4,2.5,1860,6325,2,0,1860,0,47.3492,-122.03
199950,2,2.75,1590,20917,1.5,0,1590,0,47.2786,-122.25
553500,2,1,850,2340,1,0,850,0,47.6707,-122.328
189950,2,1,1030,4188,1,0,1030,0,47.3738,-122.057
289000,3,2,1850,9550,1,0,1850,0,47.3225,-122.273
700000,4,2,1830,4590,2,0,1830,0,47.6593,-122.327
270000,3,2,1560,8853,1,0,1560,0,47.4312,-122.171
258000,4,1.75,1730,8320,1,0,1230,500,47.327,-122.361
530000,3,2.5,1930,7214,2,0,1930,0,47.7191,-122.309
245000,3,2.25,1422,3677,2,0,1422,0,47.3204,-122.178
563000,3,2,1380,5000,1.5,0,1380,0,47.6807,-122.369
515000,3,2.5,2430,4203,2,0,2430,0,47.5346,-121.875
325000,4,2.5,2610,7091,2,0,2610,0,47.3017,-122.349
540000,3,2.25,2000,217800,2,0,2000,0,47.5599,-121.911
280300,2,1,920,5000,1,0,490,430,47.7008,-122.338
460000,4,1.75,1750,5500,1.5,0,1050,700,47.6802,-122.388
475000,3,1.75,2020,8970,1,0,1180,840,47.7571,-122.145
900000,4,2.25,2460,44431,1,0,2460,0,47.6042,-122.147
538200,4,3,1780,7260,1,0,1780,0,47.627,-122.114
429000,2,1,1080,3600,1,0,1080,0,47.6078,-122.291
164808,3,1,1250,5411,1,0,1250,0,47.5064,-122.265
520000,4,2.25,1870,7700,2,0,1870,0,47.6937,-122.127
475000,3,1.75,1700,8432,1,0,1230,470,47.7221,-122.317
283000,4,1.5,1480,47045,1,0,1480,0,47.4809,-122.3
321500,4,2.5,1930,6228,2,0,1930,0,47.3572,-122.191
840000,4,2.75,3130,21810,2,0,3130,0,47.7083,-122.073
287000,3,2.25,1370,6000,2,0,1370,0,47.3484,-122.033
375000,3,1.75,960,8106,1,0,960,0,47.6737,-122.156
349500,3,1.75,1260,7128,1,0,1260,0,47.7263,-122.205
446450,3,1.5,1480,7749,1,0,1480,0,47.5144,-122.379
315000,4,2.5,1930,9643,2,0,1930,0,47.4065,-122.18
271310,2,1,870,5340,1.5,0,870,0,47.5849,-122.302
315000,4,1,1300,8400,1.5,0,1300,0,47.7612,-122.332
245000,3,1.75,1490,6930,1,0,1490,0,47.3682,-122.179
543115,2,1,1380,5484,1,0,1030,350,47.6382,-122.399
900000,4,2,1190,8190,1.5,0,1190,0,47.6908,-122.397
554000,2,2,1920,6045,1,0,1920,0,47.7107,-122.031
249900,3,1.75,2080,12522,1,0,2080,0,47.267,-122.25
768000,3,2.5,3220,54160,2,0,2690,530,47.5468,-122.109
980000,4,3,3680,5854,1,0,2060,1620,47.6327,-122.395
395000,5,2.5,2070,9600,1,0,1270,800,47.4997,-122.364
415000,3,1.75,1480,2200,2,0,1480,0,47.6969,-122.35
380000,4,2.5,2000,6921,2,0,2000,0,47.3559,-122.014
566000,3,2.5,1560,5259,2,0,1560,0,47.5985,-122.016
218500,2,1,1600,8961,1,0,1390,210,47.3098,-122.21
550000,4,2.5,1940,10500,1,0,1140,800,47.683,-122.114
512031,3,1.75,1540,3000,1,0,770,770,47.6769,-122.36
197500,2,1,820,8860,1,0,820,0,47.452,-122.19
470000,3,2.25,1780,8784,1,0,1230,550,47.701,-122.172
590000,3,1.75,1560,242629,1,0,1560,0,47.6493,-121.956
465000,4,2.25,2210,8862,1,0,1270,940,47.7725,-122.198
499000,2,1.75,2040,114562,1,0,2040,0,47.4985,-122.092
515000,3,2.25,1920,11500,1,0,1920,0,47.5498,-122.188
716500,3,1.75,1930,5000,1,0,1230,700,47.6582,-122.278
410000,3,2,1700,4250,1,0,890,810,47.6542,-122.385
850000,4,3.25,3450,6500,2,0,2450,1000,47.5437,-122.388
648000,4,2.5,2380,13435,2,0,2380,0,47.5833,-122.028
620000,4,2.25,2400,5350,1.5,0,1460,940,47.6763,-122.37
935000,4,4.5,5670,84267,2,0,5670,0,47.323,-122.044
379000,3,1,1140,10320,1,0,1140,0,47.7168,-122.196
699000,3,1.75,1670,5375,1,0,1270,400,47.6416,-122.397
528000,4,2.25,1910,8005,1,0,1280,630,47.7259,-122.298
425000,3,1.75,1560,9452,1,0,1560,0,47.5197,-122.18
249500,2,1.75,1500,8645,1,0,1500,0,47.3643,-122.115
790000,4,2.75,2840,11900,1,0,1640,1200,47.5271,-122.386
399950,3,1,1020,18050,1,0,1020,0,47.5254,-122.043
275000,3,1.5,1410,9000,1,0,1410,0,47.7635,-122.35
550000,3,1,1520,2500,1.5,0,1520,0,47.6347,-122.352
140000,1,1,730,6890,1,0,730,0,47.467,-122.215
250000,3,1,1190,6250,1,0,990,200,47.5658,-122.292
318000,3,2.25,1410,8909,2,0,1410,0,47.3983,-122.31
505000,2,1,1240,57000,1,0,1240,0,47.597,-122.059
470500,5,2.5,2500,9248,1,0,1300,1200,47.5415,-122.18
360000,3,1,1050,9206,1.5,0,1050,0,47.7071,-122.301
986000,3,2.5,2380,16080,1,0,1340,1040,47.5262,-122.386
515000,2,1,1060,4228,1,0,860,200,47.6231,-122.293
320000,3,1.75,2300,41900,1,0,1310,990,47.477,-122.292
310000,4,3,2010,7426,1,0,1090,920,47.5042,-122.265
356700,2,1,1090,5000,1,0,730,360,47.5258,-122.378
775000,4,1.75,2320,5595,1,0,1510,810,47.6397,-122.388
325000,3,1,1040,7541,1,0,1040,0,47.7565,-122.339
208000,4,2.75,1810,8677,1.5,0,1810,0,47.3668,-122.31
825000,2,1,1150,12775,1,1,1150,0,47.502,-122.222
515000,3,2.5,2360,11254,1,0,2360,0,47.3356,-122.333
490000,3,1.5,1970,3400,1.5,0,1420,550,47.6163,-122.292
675000,4,3,2690,28300,1,0,2690,0,47.4458,-122.343
360000,4,2.5,2080,4080,1,0,1040,1040,47.572,-122.29
550000,4,2.5,2080,4080,1,0,1040,1040,47.572,-122.29
225000,3,1.5,1370,9000,1,0,1370,0,47.4973,-122.328
500000,3,2.75,3410,9360,1.5,0,3410,0,47.4497,-122.147
385000,4,2,1850,11700,1,0,1850,0,47.4702,-122.12
837700,5,2.75,3010,12611,2,0,3010,0,47.696,-122.102
448000,3,2.25,1530,3056,2,0,1530,0,47.6817,-122.035
730000,5,1.75,2690,21357,1,0,1420,1270,47.5831,-122.191
575000,4,1.5,2810,7140,1,0,1490,1320,47.5252,-122.382
430000,3,1.75,1810,7300,1,0,1240,570,47.7299,-122.192
435000,3,2.5,1560,3987,2,0,1560,0,47.687,-122.043
241000,3,1,1010,9611,1,0,1010,0,47.3006,-122.066
453500,2,1.75,1000,1760,1,0,600,400,47.6261,-122.355
285000,2,1.5,990,1380,3,0,990,0,47.7218,-122.356
151000,2,1,720,4222,1,0,720,0,47.4965,-122.186
631000,5,2,2270,2400,2,0,2270,0,47.6051,-122.319
285000,2,2.5,1380,1073,2,0,1140,240,47.5462,-122.369
195000,3,1,1260,8378,1,0,840,420,47.3274,-122.348
817500,4,2.5,2910,35679,2,0,2910,0,47.5859,-121.991
550000,3,2,1810,12825,1,0,1810,0,47.5953,-122.14
609850,2,2.75,1910,1369,3,0,1910,0,47.6544,-122.373
200000,3,1,1230,4380,1,0,1230,0,47.5352,-122.361
367000,4,2.5,2960,6219,2,0,2960,0,47.3603,-122.037
285167,3,2.25,2200,8375,2,0,2200,0,47.2626,-122.218
275000,2,1.5,1270,32175,1,0,1270,0,47.3347,-122.304
350900,4,2.5,2540,12843,2,0,2540,0,47.3866,-122.169
660000,4,3.25,3030,9273,2,0,3030,0,47.5747,-122.014
525000,3,1.75,1520,8835,1,0,1520,0,47.6054,-122.118
262000,4,2.5,1560,7800,2,0,1560,0,47.514,-122.316
690000,2,1,970,4560,1,0,970,0,47.6561,-122.332
624000,5,3.75,3570,14648,2,0,3570,0,47.7377,-121.974
353000,3,1,1350,7740,1,0,860,490,47.7098,-122.291
552500,4,3.5,3710,10400,2,0,2290,1420,47.5041,-122.186
224500,4,1,1430,8355,1.5,0,1430,0,47.3178,-122.174
239000,3,1,940,8571,1,0,940,0,47.5006,-122.336
975000,5,4.5,4300,12250,2,0,4300,0,47.5557,-122.027
505000,3,1,1380,4000,1.5,0,1380,0,47.6261,-122.296
302000,4,1.75,2020,7865,1,0,1010,1010,47.5008,-122.162
170000,3,1,1480,5670,1,0,780,700,47.5175,-122.36
195000,2,1,1190,27007,1,0,1190,0,47.524,-122.04
272000,5,1.5,2550,6300,1,0,1560,990,47.5014,-122.172
369000,5,1.5,2550,6300,1,0,1560,990,47.5014,-122.172
332500,3,1.5,1500,6332,1,0,1500,0,47.7274,-122.312
515000,3,2.5,3000,8250,1,0,1760,1240,47.6191,-122.112
269000,3,1,1690,4250,1,0,1020,670,47.4945,-122.258
303000,3,2.5,1560,4100,2,0,1560,0,47.4733,-122.189
420000,7,3,2940,8624,1,0,1690,1250,47.7555,-122.307
400000,3,1,1130,4100,1,0,990,140,47.6856,-122.385
225000,3,1,1020,8437,1,0,1020,0,47.2093,-122
219000,2,2,1310,2550,2,0,1310,0,47.3496,-122.022
605000,3,2.5,2570,9487,2,0,2570,0,47.7408,-122.216
625000,4,2,2020,6867,1,0,1010,1010,47.7,-122.292
380000,5,2,1680,3240,1,0,840,840,47.5965,-122.311
620000,4,2,1770,7700,1.5,0,1770,0,47.5916,-122.146
687500,4,2.75,3190,10970,2,0,3190,0,47.5862,-122.029
225500,4,2,1440,7950,1,0,1440,0,47.4517,-122.082
252500,3,2,1150,6000,1,0,1150,0,47.498,-122.263
510000,3,2.5,1860,3658,2,0,1860,0,47.5703,-122.004
510000,4,2.5,2430,5203,2,0,2430,0,47.7402,-122.317
725000,3,2.5,1940,4000,1.5,0,1940,0,47.6372,-122.352
75000,1,0,670,43377,1,0,670,0,47.2638,-121.906
492000,2,1,880,2970,1,0,880,0,47.6868,-122.349
425000,4,2.5,1930,14196,1,0,1330,600,47.7407,-122.097
298900,3,2.5,1830,6162,2,0,1830,0,47.3291,-122.17
699000,4,2.5,3230,40319,2,0,3230,0,47.4856,-122.069
310000,2,1,700,3000,1,0,700,0,47.6846,-122.346
350000,3,1.75,1010,8580,1,0,1010,0,47.6703,-122.174
790000,4,1.75,2460,10061,1,1,1410,1050,47.5105,-122.238
305000,4,2.5,2230,5000,2,0,2230,0,47.3919,-122.184
315000,3,2.5,1570,2865,2,0,1570,0,47.5412,-122.288
267500,5,3.5,2390,6600,2,0,2390,0,47.3737,-122.115
